"Id","Path","Slice Name","Alias(s)","Label","Min","Max","Must Support?","Is Modifier?","Is Summary?","Type(s)","Short","Definition","Comments","Requirements","Default Value","Meaning When Missing","Fixed Value","Pattern","Example","Minimum Value","Maximum Value","Maximum Length","Binding Strength","Binding Description","Binding Value Set","Code","Slicing Discriminator","Slicing Description","Slicing Ordered","Slicing Rules","Base Path","Base Min","Base Max","Condition(s)","Constraint(s)"
"PractitionerLM","PractitionerLM","","","",0,*,"","","","null {[]} {[]}
","Profissional (modelo)","Modelo Lógico - Profissional","","","","","","","","","",,,,,"",,,,"Base",0,*,"",""
"PractitionerLM.identifiers","PractitionerLM.identifiers","","","",1,*,"","","","BackboneElement {[]} {[]}
","Identificadores únicos do profissional, como Número Cédula Profissional ou identificações internas","Identificadores únicos do profissional, como Número Cédula Profissional ou identificações internas","","","","","","","","","",,,,,"",,,,"PractitionerLM.identifiers",1,*,"","ele-1:All FHIR elements must have a @value or children {hasValue() or (children().count() > id.count())}
"
"PractitionerLM.identifiers.id","PractitionerLM.identifiers.id","","","",0,1,"","","","string {[]} {[]}
","Unique id for inter-element referencing","Unique id for the element within a resource (for internal references). This may be any string value that does not contain spaces.","","","","","","","","","",,,,,"",,,,"Element.id",0,1,"",""
"PractitionerLM.identifiers.extension","PractitionerLM.identifiers.extension","","extensions
user content","",0,*,"","","","Extension {[]} {[]}
","Additional content defined by implementations","May be used to represent additional information that is not part of the basic definition of the element. To make the use of extensions safe and manageable, there is a strict set of governance  applied to the definition and use of extensions. Though any implementer can define an extension, there is a set of requirements that SHALL be met as part of the definition of the extension.","There can be no stigma associated with the use of extensions by any application, project, or standard - regardless of the institution or jurisdiction that uses or defines the extensions.  The use of extensions is what allows the FHIR specification to retain a core level of simplicity for everyone.","","","","","","","","",,,,,"","value:url}
","Extensions are always sliced by (at least) url",,"open","Element.extension",0,*,"","ele-1:All FHIR elements must have a @value or children {hasValue() or (children().count() > id.count())}
ext-1:Must have either extensions or value[x], not both {extension.exists() != value.exists()}"
"PractitionerLM.identifiers.modifierExtension","PractitionerLM.identifiers.modifierExtension","","extensions
user contentmodifiers","",0,*,"","Y","Y","Extension {[]} {[]}
","Extensions that cannot be ignored even if unrecognized","May be used to represent additional information that is not part of the basic definition of the element and that modifies the understanding of the element in which it is contained and/or the understanding of the containing element's descendants. Usually modifier elements provide negation or qualification. To make the use of extensions safe and manageable, there is a strict set of governance applied to the definition and use of extensions. Though any implementer can define an extension, there is a set of requirements that SHALL be met as part of the definition of the extension. Applications processing a resource are required to check for modifier extensions.

Modifier extensions SHALL NOT change the meaning of any elements on Resource or DomainResource (including cannot change the meaning of modifierExtension itself).","There can be no stigma associated with the use of extensions by any application, project, or standard - regardless of the institution or jurisdiction that uses or defines the extensions.  The use of extensions is what allows the FHIR specification to retain a core level of simplicity for everyone.","Modifier extensions allow for extensions that *cannot* be safely ignored to be clearly distinguished from the vast majority of extensions which can be safely ignored.  This promotes interoperability by eliminating the need for implementers to prohibit the presence of extensions. For further information, see the [definition of modifier extensions](http://hl7.org/fhir/R4/extensibility.html#modifierExtension).","","","","","","","",,,,,"",,,,"BackboneElement.modifierExtension",0,*,"","ele-1:All FHIR elements must have a @value or children {hasValue() or (children().count() > id.count())}
ext-1:Must have either extensions or value[x], not both {extension.exists() != value.exists()}"
"PractitionerLM.identifiers.value","PractitionerLM.identifiers.value","","","",1,1,"","","","string {[]} {[]}
","Valor do identificador","Valor do identificador","","","","","","","","","",,,,,"",,,,"PractitionerLM.identifiers.value",1,1,"",""
"PractitionerLM.identifiers.type","PractitionerLM.identifiers.type","","","",1,1,"","","","code {[]} {[]}
","Tipo de identificador (e.g.: MD, EI)","Tipo de identificador (e.g.: MD, EI)","","","","","","","","","",,,,,"",,,,"PractitionerLM.identifiers.type",1,1,"",""
"PractitionerLM.name","PractitionerLM.name","","","",1,1,"","","","string {[]} {[]}
","Nome completo do profissional","Nome completo do profissional","","","","","","","","","",,,,,"",,,,"PractitionerLM.name",1,1,"",""
"PractitionerLM.email","PractitionerLM.email","","","",0,1,"","","","string {[]} {[]}
","Endereço de e-mail do profissional, para contacto direto","Endereço de e-mail do profissional, para contacto direto","","","","","","","","","",,,,,"",,,,"PractitionerLM.email",0,1,"",""
"PractitionerLM.phone","PractitionerLM.phone","","","",0,*,"","","","string {[]} {[]}
","Número(s) de telefone do profissional, incluindo telemóvel e telefone fixo","Número(s) de telefone do profissional, incluindo telemóvel e telefone fixo","","","","","","","","","",,,,,"",,,,"PractitionerLM.phone",0,*,"",""
"PractitionerLM.address","PractitionerLM.address","","","",0,1,"","","","BackboneElement {[]} {[]}
","Morada do profissional","Morada do profissional","","","","","","","","","",,,,,"",,,,"PractitionerLM.address",0,1,"","ele-1:All FHIR elements must have a @value or children {hasValue() or (children().count() > id.count())}
"
"PractitionerLM.address.id","PractitionerLM.address.id","","","",0,1,"","","","string {[]} {[]}
","Unique id for inter-element referencing","Unique id for the element within a resource (for internal references). This may be any string value that does not contain spaces.","","","","","","","","","",,,,,"",,,,"Element.id",0,1,"",""
"PractitionerLM.address.extension","PractitionerLM.address.extension","","extensions
user content","",0,*,"","","","Extension {[]} {[]}
","Additional content defined by implementations","May be used to represent additional information that is not part of the basic definition of the element. To make the use of extensions safe and manageable, there is a strict set of governance  applied to the definition and use of extensions. Though any implementer can define an extension, there is a set of requirements that SHALL be met as part of the definition of the extension.","There can be no stigma associated with the use of extensions by any application, project, or standard - regardless of the institution or jurisdiction that uses or defines the extensions.  The use of extensions is what allows the FHIR specification to retain a core level of simplicity for everyone.","","","","","","","","",,,,,"","value:url}
","Extensions are always sliced by (at least) url",,"open","Element.extension",0,*,"","ele-1:All FHIR elements must have a @value or children {hasValue() or (children().count() > id.count())}
ext-1:Must have either extensions or value[x], not both {extension.exists() != value.exists()}"
"PractitionerLM.address.modifierExtension","PractitionerLM.address.modifierExtension","","extensions
user contentmodifiers","",0,*,"","Y","Y","Extension {[]} {[]}
","Extensions that cannot be ignored even if unrecognized","May be used to represent additional information that is not part of the basic definition of the element and that modifies the understanding of the element in which it is contained and/or the understanding of the containing element's descendants. Usually modifier elements provide negation or qualification. To make the use of extensions safe and manageable, there is a strict set of governance applied to the definition and use of extensions. Though any implementer can define an extension, there is a set of requirements that SHALL be met as part of the definition of the extension. Applications processing a resource are required to check for modifier extensions.

Modifier extensions SHALL NOT change the meaning of any elements on Resource or DomainResource (including cannot change the meaning of modifierExtension itself).","There can be no stigma associated with the use of extensions by any application, project, or standard - regardless of the institution or jurisdiction that uses or defines the extensions.  The use of extensions is what allows the FHIR specification to retain a core level of simplicity for everyone.","Modifier extensions allow for extensions that *cannot* be safely ignored to be clearly distinguished from the vast majority of extensions which can be safely ignored.  This promotes interoperability by eliminating the need for implementers to prohibit the presence of extensions. For further information, see the [definition of modifier extensions](http://hl7.org/fhir/R4/extensibility.html#modifierExtension).","","","","","","","",,,,,"",,,,"BackboneElement.modifierExtension",0,*,"","ele-1:All FHIR elements must have a @value or children {hasValue() or (children().count() > id.count())}
ext-1:Must have either extensions or value[x], not both {extension.exists() != value.exists()}"
"PractitionerLM.address.use","PractitionerLM.address.use","","","",0,1,"","","","code {[]} {[]}
","Indica o propósito da morada (e.g: residencial ou profissional)","Indica o propósito da morada (e.g: residencial ou profissional)","","","","","","","","","",,,,,"",,,,"PractitionerLM.address.use",0,1,"",""
"PractitionerLM.address.street","PractitionerLM.address.street","","","",0,1,"","","","string {[]} {[]}
","Endereço principal onde o profissional reside","Endereço principal onde o profissional reside","","","","","","","","","",,,,,"",,,,"PractitionerLM.address.street",0,1,"",""
"PractitionerLM.address.city","PractitionerLM.address.city","","","",0,1,"","","","string {[]} {[]}
","Cidade onde o profissional reside","Cidade onde o profissional reside","","","","","","","","","",,,,,"",,,,"PractitionerLM.address.city",0,1,"",""
"PractitionerLM.address.district","PractitionerLM.address.district","","","",0,1,"","","","string {[]} {[]}
","Distrito onde o profissional reside","Distrito onde o profissional reside","","","","","","","","","",,,,,"",,,,"PractitionerLM.address.district",0,1,"",""
"PractitionerLM.address.parish","PractitionerLM.address.parish","","","",0,1,"","","","string {[]} {[]}
","Freguesia onde o profissional reside","Freguesia onde o profissional reside","","","","","","","","","",,,,,"",,,,"PractitionerLM.address.parish",0,1,"",""
"PractitionerLM.address.country","PractitionerLM.address.country","","","",0,1,"","","","string {[]} {[]}
","País de residência do profissional","País de residência do profissional","","","","","","","","","",,,,,"",,,,"PractitionerLM.address.country",0,1,"",""
"PractitionerLM.address.postalCode","PractitionerLM.address.postalCode","","","",0,1,"","","","string {[]} {[]}
","Código postal da morada do profissional","Código postal da morada do profissional","","","","","","","","","",,,,,"",,,,"PractitionerLM.address.postalCode",0,1,"",""
"PractitionerLM.active","PractitionerLM.active","","","",1,1,"","","","boolean {[]} {[]}
","Indica se o registo do profissional está ativo no sistema (true/false)","Indica se o registo do profissional está ativo no sistema (true/false)","","","","","","","","","",,,,,"",,,,"PractitionerLM.active",1,1,"",""
