URL,Version,Status,OIDs,Name,Title,Descriptino,Uses,Used,Sources
http://hl7.org/fhir/ValueSet/duration-units,4.0.1,active,"2.16.840.1.113883.4.642.3.61",CommonUCUMCodesForDuration,Common UCUM Codes for Duration,"Unified Code for Units of Measure (UCUM). This value set includes all UCUM codes","StructureDefinition/63fa53d8-9116-42d2-b2c9-06830c25876d","UCUM"
http://hl7.org/fhir/ValueSet/iso3166-1-2,4.0.1,active,,Iso3166-1-2,Iso 3166 Part 1: 2 Letter Codes,"This value set defines the ISO 3166 Part 1 2-letter codes","StructureDefinition/a4126b30-e00e-451a-830c-4db050c60cdf,StructureDefinition/ac7bcb60-c472-44c2-8a98-d412e8645c6d,StructureDefinition/63310252-7722-4031-8f01-a2c642d0f2a7,StructureDefinition/176c7c2b-865c-4942-9bd6-cfaa04678d10","hl7.terminology.r4"
http://terminology.hl7.org/ValueSet/v2-0007,2.0.0,active,"2.16.840.1.113883.21.10",Hl7VSAdmissionType,hl7VS-admissionType,"Value Set of codes that specify the circumstances under which the patient was or will be admitted.","StructureDefinition/63fa53d8-9116-42d2-b2c9-06830c25876d","THO (V2)"
http://terminology.hl7.org/ValueSet/v2-0201,4.0.0,active,"2.16.840.1.113883.21.118",Hl7VSTelecommunicationUseCode,hl7VS-telecommunicationUseCode,"Concepts for specifying a specific use of a telecommunication number.","StructureDefinition/c8cc7eb5-a0a2-4325-9a2e-8a40b8320fc4","THO (V2)"
http://terminology.hl7.org/ValueSet/v2-0203,2.0.0,active,"2.16.840.1.113883.21.120",Hl7VSIdentifierType,hl7VS-identifierType,"Concepts specifying types of identififiers, as used in person and organization identification datatypes in HL7 Version 2 standards.","StructureDefinition/c8cc7eb5-a0a2-4325-9a2e-8a40b8320fc4,StructureDefinition/6e9480b2-6dc1-4fff-a828-6aa231411647,StructureDefinition/176c7c2b-865c-4942-9bd6-cfaa04678d10","THO (V2)"
